round,client_id,num_examples,loss,mae,train_loss,val_loss,train_rmse,val_rmse,train_mse,val_mse,train_mae,val_mae,train_r2,val_r2,algorithm
1,client_11,4950,0.012311972677707672,0.08411106467247009,0.012311972677707672,0.10942725837230682,0.11095932473832516,0.3307979004191626,0.012311971746385098,0.10942725092172623,0.08411106467247009,0.26408249139785767,0.8517928719520569,-0.3044489622116089,fedavg
1,client_2,4325,0.02737167850136757,0.13299864530563354,0.02737167850136757,0.10532063245773315,0.16544388323950682,0.3245313929455093,0.02737167850136757,0.10532062500715256,0.13299864530563354,0.25671613216400146,0.6725119352340698,-0.2659262418746948,fedavg
1,client_13,4415,0.011881228536367416,0.08243381977081299,0.011881228536367416,0.0836784765124321,0.10900104405483849,0.28927234816621045,0.011881227605044842,0.08367849141359329,0.08243381977081299,0.23345373570919037,0.8557531833648682,-0.028438091278076172,fedavg
1,client_22,5119,0.01384597085416317,0.09030914306640625,0.01384597085416317,0.10899387300014496,0.11766889955651236,0.3301422011802565,0.013845969922840595,0.10899387300014496,0.09030914306640625,0.26572737097740173,0.8309745192527771,-0.30598628520965576,fedavg
1,client_14,5419,0.01923072710633278,0.11071132123470306,0.01923072710633278,0.10496840626001358,0.13867489717440853,0.32398828105351835,0.01923072710633278,0.10496840626001358,0.11071132123470306,0.26077529788017273,0.7682797312736511,-0.22602450847625732,fedavg
1,client_15,5839,0.010431312024593353,0.07768288999795914,0.010431312024593353,0.09990464150905609,0.10213379928268569,0.3160769550426859,0.010431312955915928,0.09990464150905609,0.07768288999795914,0.24915729463100433,0.8740428686141968,-0.18714261054992676,fedavg
1,client_0,3247,0.014615010470151901,0.09200642257928848,0.014615010470151901,0.1262843757867813,0.1208925613984354,0.35536513023477884,0.014615011401474476,0.1262843757867813,0.09200642257928848,0.27835556864738464,0.8243233561515808,-0.5248044729232788,fedavg
1,client_16,5328,0.008828073740005493,0.07205642759799957,0.008828073740005493,0.1026923730969429,0.09395782958330558,0.3204564957156623,0.008828073740005493,0.1026923656463623,0.07205642759799957,0.2572706937789917,0.8936412334442139,-0.2624772787094116,fedavg
2,client_22,5119,0.0080387182533741,0.06961598992347717,0.0080387182533741,0.0916234478354454,0.08965889946555278,0.30269365344427923,0.0080387182533741,0.0916234478354454,0.06961598992347717,0.24349233508110046,0.9017881751060486,-0.09962964057922363,fedavg
2,client_20,7018,0.006457860581576824,0.06075800210237503,0.006457860581576824,0.07460147142410278,0.08036081496336896,0.27313269929487166,0.006457860581576824,0.07460147142410278,0.06075800210237503,0.2170475423336029,0.9212313890457153,0.05422210693359375,fedavg
2,client_0,3247,0.006326321512460709,0.0605383925139904,0.006326321512460709,0.10392172634601593,0.07953817644666433,0.3223689289401445,0.006326321512460709,0.10392172634601593,0.0605383925139904,0.2591148316860199,0.9239650964736938,-0.2550835609436035,fedavg
2,client_6,6436,0.005571326240897179,0.0579269640147686,0.005571326240897179,0.10189302265644073,0.0746413172505495,0.31920686498952483,0.005571326240897179,0.10189302265644073,0.0579269640147686,0.2599388659000397,0.9334810376167297,-0.2276465892791748,fedavg
2,client_24,3036,0.008122025988996029,0.07089351117610931,0.008122025988996029,0.10388925671577454,0.09012228353185481,0.32231857558377724,0.008122025988996029,0.10388926416635513,0.07089351117610931,0.25979188084602356,0.9010353088378906,-0.2341517210006714,fedavg
2,client_21,5918,0.012734536081552505,0.08916551619768143,0.012734536081552505,0.09415951371192932,0.11284740174923172,0.3068542222488218,0.012734536081552505,0.09415951371192932,0.08916551619768143,0.24460919201374054,0.8462642431259155,-0.163185715675354,fedavg
2,client_3,6083,0.013145341537892818,0.09155548363924026,0.013145341537892818,0.08046058565378189,0.11465313575255069,0.2836557520195596,0.013145341537892818,0.08046058565378189,0.09155548363924026,0.22398848831653595,0.840770959854126,0.013453006744384766,fedavg
2,client_14,5419,0.01540371123701334,0.09963799268007278,0.01540371123701334,0.09695301949977875,0.12411168480723628,0.3113727982656461,0.015403710305690765,0.09695301949977875,0.09963799268007278,0.25033897161483765,0.8157453536987305,-0.16534411907196045,fedavg
2,client_15,5839,0.008997427299618721,0.07433772832155228,0.008997427299618721,0.08434628695249557,0.09485476951434083,0.2904243350738298,0.008997427299618721,0.08434629440307617,0.07433772832155228,0.22818048298358917,0.8920120000839233,-0.026679277420043945,fedavg
2,client_8,4648,0.005076378583908081,0.05507957190275192,0.005076378583908081,0.09319422394037247,0.0712487126169264,0.30527730244967943,0.005076379049569368,0.09319423139095306,0.05507957190275192,0.24724480509757996,0.9381866455078125,-0.1068735122680664,fedavg
3,client_17,4157,0.007384924218058586,0.06607680767774582,0.007384924218058586,0.09666727483272552,0.08593558179275093,0.3109136131351047,0.007384924218058586,0.09666727483272552,0.06607680767774582,0.2510984539985657,0.9105022549629211,-0.1118924617767334,fedavg
3,client_3,6083,0.005068262107670307,0.054615214467048645,0.005068262107670307,0.07457675039768219,0.07119172780365923,0.27308745457868033,0.005068262107670307,0.07457675784826279,0.054615214467048645,0.21480482816696167,0.9385861158370972,0.08591675758361816,fedavg
3,client_13,4415,0.00979736726731062,0.07729210704565048,0.00979736726731062,0.09423274546861649,0.09898165116480236,0.3069735378158793,0.00979736726731062,0.09423275291919708,0.07729210704565048,0.2478916496038437,0.8806934356689453,-0.14561223983764648,fedavg
3,client_9,6447,0.008035454899072647,0.06970981508493423,0.008035454899072647,0.07923953235149384,0.08964069889884085,0.28149517287423215,0.008035454899072647,0.07923953235149384,0.06970981508493423,0.2267553061246872,0.9035778641700745,0.019474327564239502,fedavg
3,client_7,4643,0.004081280902028084,0.04769865423440933,0.004081280902028084,0.07409141957759857,0.06388490355340676,0.2721973908353983,0.004081280902028084,0.07409141957759857,0.04769865423440933,0.22051668167114258,0.9510622620582581,0.0910380482673645,fedavg
3,client_19,5248,0.00546269491314888,0.05670342966914177,0.00546269491314888,0.08342014998197556,0.07391004294064232,0.28882546629751255,0.005462694447487593,0.08342014998197556,0.05670342966914177,0.2348906248807907,0.9342542290687561,-0.03314220905303955,fedavg
3,client_4,4895,0.0028207532595843077,0.04067174717783928,0.0028207532595843077,0.08307095617055893,0.053110761873217976,0.28822032574153916,0.002820753026753664,0.08307095617055893,0.04067174717783928,0.23184366524219513,0.966221272945404,-0.037935495376586914,fedavg
3,client_15,5839,0.01049416046589613,0.08302149176597595,0.01049416046589613,0.09049684554338455,0.10244101423364914,0.30082693619984324,0.010494161397218704,0.09049684554338455,0.08302149176597595,0.24122871458530426,0.8743468523025513,-0.11419439315795898,fedavg
3,client_0,3247,0.003711247816681862,0.046094369143247604,0.003711247816681862,0.09329327195882797,0.06092001544930163,0.30543944908552134,0.003711248282343149,0.09329325705766678,0.046094369143247604,0.2493850588798523,0.9548834562301636,-0.07961857318878174,fedavg
3,client_18,6851,0.011293785646557808,0.08513309806585312,0.011293785646557808,0.08575711399316788,0.10627222424772056,0.29284316868205834,0.011293785646557808,0.08575712144374847,0.08513309806585312,0.2408422976732254,0.8662585616111755,-0.04589974880218506,fedavg
4,client_24,3036,0.0029481505043804646,0.04088582098484039,0.0029481505043804646,0.08996428549289703,0.05429687379933088,0.2999404574950109,0.0029481505043804646,0.08996427804231644,0.04088582098484039,0.2416740357875824,0.9646204113960266,-0.1361255645751953,fedavg
4,client_14,5419,0.006119168363511562,0.05987319350242615,0.006119168363511562,0.08654685318470001,0.07822511040484555,0.29418846541749394,0.006119167897850275,0.08654685318470001,0.05987319350242615,0.23776231706142426,0.9269735813140869,-0.049510955810546875,fedavg
4,client_3,6083,0.007009259425103664,0.06258053332567215,0.007009259425103664,0.07194367796182632,0.08372132279631607,0.2682232007347741,0.007009259890764952,0.07194368541240692,0.06258053332567215,0.21703815460205078,0.9142614006996155,0.1506083607673645,fedavg
4,client_9,6447,0.006724603474140167,0.06576106697320938,0.006724603474140167,0.07855043560266495,0.08200367963780751,0.2802685062625927,0.006724603474140167,0.07855043560266495,0.06576106697320938,0.22519013285636902,0.9183831214904785,0.07217276096343994,fedavg
4,client_5,4011,0.0043328371830284595,0.051361825317144394,0.0043328371830284595,0.0896216630935669,0.06582428668331448,0.2993687744130421,0.004332836717367172,0.0896216630935669,0.051361825317144394,0.24297279119491577,0.9464066028594971,-0.035219669342041016,fedavg
4,client_21,5918,0.003201701445505023,0.04309816658496857,0.003201701445505023,0.07069266587495804,0.05658358134950161,0.265880924240454,0.0032017016783356667,0.07069266587495804,0.04309816658496857,0.21095550060272217,0.9611507654190063,0.1444745659828186,fedavg
4,client_20,7018,0.0030446697492152452,0.04216502234339714,0.0030446697492152452,0.06583072245121002,0.05517852405043652,0.2565749840713432,0.0030446695163846016,0.06583072245121002,0.04216502234339714,0.20679117739200592,0.9622318744659424,0.2195594310760498,fedavg
4,client_4,4895,0.008289904333651066,0.07074394822120667,0.008289904333651066,0.07808845490217209,0.0910489117653312,0.2794431023510716,0.008289904333651066,0.07808844745159149,0.07074394822120667,0.2231287807226181,0.8991318345069885,0.0866803526878357,fedavg
4,client_11,4950,0.0024929745122790337,0.03751777112483978,0.0024929745122790337,0.08163515478372574,0.049929693364253604,0.28571866369512117,0.00249297427944839,0.08163515478372574,0.03751777112483978,0.23202814161777496,0.9698612093925476,0.045307934284210205,fedavg
4,client_6,6436,0.00629283394664526,0.061918772757053375,0.00629283394664526,0.09323494881391525,0.07932738459476185,0.3053439844076108,0.00629283394664526,0.09323494881391525,0.061918772757053375,0.24514052271842957,0.9249581694602966,-0.12837743759155273,fedavg
5,client_14,5419,0.0024242529179900885,0.03725641593337059,0.0024242529179900885,0.07147529721260071,0.049236705320530254,0.26734864355855764,0.002424253150820732,0.07147529721260071,0.03725641593337059,0.21632829308509827,0.9706597328186035,0.179517924785614,fedavg
5,client_6,6436,0.003896283218637109,0.04807081073522568,0.003896283218637109,0.08897839486598969,0.06242021482370202,0.2982924528301195,0.003896283218637109,0.08897838741540909,0.04807081073522568,0.23935773968696594,0.953315794467926,-0.057138800621032715,fedavg
5,client_1,4201,0.004427974112331867,0.050373416393995285,0.004427974112331867,0.07948338240385056,0.06654302452046996,0.281927960573743,0.004427974112331867,0.07948337495326996,0.050373416393995285,0.2324032336473465,0.9461709856987,0.02067720890045166,fedavg
5,client_15,5839,0.006712079048156738,0.0652746632695198,0.006712079048156738,0.07959853112697601,0.08192727902327002,0.28213210323604687,0.006712079048156738,0.07959852367639542,0.0652746632695198,0.22562238574028015,0.9192882776260376,0.036986351013183594,fedavg
5,client_20,7018,0.003268545726314187,0.04318474978208542,0.003268545726314187,0.060866162180900574,0.05717119461305268,0.24671069272771878,0.0032685454934835434,0.06086616590619087,0.04318474978208542,0.1966175138950348,0.9597436189651489,0.25778746604919434,fedavg
5,client_13,4415,0.007916269823908806,0.06963276118040085,0.007916269823908806,0.08232243359088898,0.0889734167748223,0.28691888835008783,0.007916268892586231,0.08232244849205017,0.06963276118040085,0.23449887335300446,0.9034867882728577,0.00320357084274292,fedavg
5,client_7,4643,0.004144204780459404,0.04914451390504837,0.004144204780459404,0.06850913912057877,0.06437549829290182,0.26174249114348663,0.004144204780459404,0.06850913166999817,0.04914451390504837,0.20976263284683228,0.9505631923675537,0.14070868492126465,fedavg
5,client_17,4157,0.007367946673184633,0.06802694499492645,0.007367946673184633,0.08517643809318542,0.08583674701924532,0.2918500139499822,0.0073679471388459206,0.08517643064260483,0.06802694499492645,0.23232904076576233,0.9112726449966431,-0.002466440200805664,fedavg
5,client_19,5248,0.006369134411215782,0.06480394303798676,0.006369134411215782,0.082122802734375,0.07980685691853666,0.286570763921191,0.006369134411215782,0.082122802734375,0.06480394303798676,0.22873923182487488,0.9228109121322632,0.013893067836761475,fedavg
5,client_23,4834,0.003618725575506687,0.0447656586766243,0.003618725575506687,0.07907522469758987,0.06015584600300565,0.2812031733419626,0.003618725808337331,0.07907522469758987,0.0447656586766243,0.22440311312675476,0.9565011858940125,0.023359596729278564,fedavg
6,client_19,5248,0.004206635989248753,0.050287067890167236,0.004206635989248753,0.06954365968704224,0.06485858095570289,0.26371129059234655,0.004206635523587465,0.06954364478588104,0.050287067890167236,0.212619349360466,0.9489707946777344,0.16759616136550903,fedavg
6,client_3,6083,0.0026245429180562496,0.038616105914115906,0.0026245429180562496,0.0643392875790596,0.05123029070018641,0.2536519023761888,0.002624542685225606,0.0643392875790596,0.038616105914115906,0.19947972893714905,0.9683276414871216,0.1995251178741455,fedavg
6,client_20,7018,0.00567368371412158,0.05959397554397583,0.00567368371412158,0.05645677074790001,0.07532386195478076,0.23760633566447678,0.005673684179782867,0.05645677074790001,0.05959397554397583,0.1932905912399292,0.92951500415802,0.33459579944610596,fedavg
6,client_9,6447,0.005298834294080734,0.058513522148132324,0.005298834294080734,0.07200624793767929,0.07279309235140882,0.2683397993918891,0.005298834294080734,0.07200624793767929,0.058513522148132324,0.21520774066448212,0.935539722442627,0.1571117639541626,fedavg
6,client_10,7168,0.006781585980206728,0.06561823934316635,0.006781585980206728,0.07873360067605972,0.08235038542840421,0.28059509640519437,0.006781585980206728,0.07873360812664032,0.06561823934316635,0.22525639832019806,0.9174888730049133,0.0236702561378479,fedavg
6,client_2,4325,0.0027538395952433348,0.039836641401052475,0.0027538395952433348,0.08814665675163269,0.05247703874308586,0.29689502648517485,0.0027538395952433348,0.08814665675163269,0.039836641401052475,0.24204929172992706,0.9673972725868225,-0.11005628108978271,fedavg
6,client_0,3247,0.011800712905824184,0.09098310768604279,0.011800712905824184,0.09398556500673294,0.10863109056410489,0.3065706525529359,0.011800713837146759,0.09398556500673294,0.09098310768604279,0.24853894114494324,0.8584095239639282,-0.1456853151321411,fedavg
6,client_18,6851,0.003843641374260187,0.047892529517412186,0.003843641374260187,0.07449141889810562,0.061997105911724165,0.27293116146403223,0.0038436411414295435,0.07449141889810562,0.047892529517412186,0.21913497149944305,0.9544856548309326,0.0917050838470459,fedavg
6,client_21,5918,0.0033888353500515223,0.04494231566786766,0.0033888353500515223,0.06803407520055771,0.05821370414302394,0.26083343852186264,0.0033888353500515223,0.0680340826511383,0.04494231566786766,0.21187978982925415,0.9589075446128845,0.17422115802764893,fedavg
6,client_11,4950,0.0063193077221512794,0.0625186637043953,0.0063193077221512794,0.08080290257930756,0.07949407350332023,0.2842585136443719,0.0063193077221512794,0.08080290257930756,0.0625186637043953,0.2295490950345993,0.9238066077232361,0.04561805725097656,fedavg
7,client_12,3816,0.003954217303544283,0.04907234385609627,0.003954217303544283,0.08436740934848785,0.06288256756482104,0.2904606718609376,0.003954217303544283,0.08436740189790726,0.04907234385609627,0.2364736795425415,0.9528920650482178,0.009282946586608887,fedavg
7,client_24,3036,0.008867363445460796,0.07294263690710068,0.008867363445460796,0.09559936076402664,0.09416667906144294,0.30919147500312366,0.008867363445460796,0.09559936821460724,0.07294263690710068,0.25119683146476746,0.8915588855743408,-0.12066924571990967,fedavg
7,client_14,5419,0.004391773603856564,0.05158168077468872,0.004391773603856564,0.07805801928043365,0.06627045800246566,0.2793886527410046,0.004391773603856564,0.07805801928043365,0.05158168077468872,0.22536443173885345,0.9478207230567932,0.029227912425994873,fedavg
7,client_10,7168,0.00579050974920392,0.059197552502155304,0.00579050974920392,0.068437859416008,0.07609539900154227,0.26160630614724867,0.00579050974920392,0.068437859416008,0.059197552502155304,0.20766660571098328,0.9292728304862976,0.16489911079406738,fedavg
7,client_23,4834,0.004896861035376787,0.05212463438510895,0.004896861035376787,0.073553167283535,0.06997757523218982,0.27120687174836666,0.004896861035376787,0.073553167283535,0.05212463438510895,0.22287176549434662,0.9404990077018738,0.12976092100143433,fedavg
7,client_16,5328,0.010668152011930943,0.08206161111593246,0.010668152011930943,0.09645532816648483,0.10328674654538665,0.3105725811569412,0.010668152011930943,0.09645532816648483,0.08206161111593246,0.249409019947052,0.8704793453216553,-0.15211212635040283,fedavg
7,client_6,6436,0.0030061479192227125,0.04208477586507797,0.0030061479192227125,0.09159962832927704,0.05482834959418998,0.30265429268176,0.0030061479192227125,0.09159962087869644,0.04208477586507797,0.24504849314689636,0.9641063213348389,-0.10471653938293457,fedavg
7,client_19,5248,0.003917265217751265,0.04798893630504608,0.003917265217751265,0.07397015392780304,0.06258805970591567,0.27197453277324046,0.003917265217751265,0.07397014647722244,0.04798893630504608,0.22160731256008148,0.9520215392112732,0.1458907127380371,fedavg
7,client_1,4201,0.004675503820180893,0.056565962731838226,0.004675503820180893,0.07793210446834564,0.06837765925974784,0.27916322191210224,0.00467550428584218,0.07793210446834564,0.056565962731838226,0.22590717673301697,0.9424519538879395,0.08596217632293701,fedavg
7,client_2,4325,0.004459968768060207,0.05272958427667618,0.004459968768060207,0.07907820492982864,0.0667829975971445,0.2812084591175167,0.004459968768060207,0.07907819747924805,0.05272958427667618,0.2274506539106369,0.9463616609573364,0.06816065311431885,fedavg
8,client_7,4643,0.002251202240586281,0.03693095222115517,0.002251202240586281,0.06004966050386429,0.047446833485024445,0.24505032999193163,0.002251202007755637,0.06004966422915459,0.03693095222115517,0.19698576629161835,0.972638726234436,0.2997131943702698,fedavg
8,client_4,4895,0.0025483041536062956,0.037857696413993835,0.0025483041536062956,0.06779935956001282,0.05048072821162203,0.26038310152545,0.002548303920775652,0.06779935956001282,0.037857696413993835,0.21177135407924652,0.9690755009651184,0.19811898469924927,fedavg
8,client_1,4201,0.006005562841892242,0.06353136152029037,0.006005562841892242,0.06855034083127975,0.07749556659507847,0.2618211858897197,0.006005562841892242,0.06855033338069916,0.06353136152029037,0.20900693535804749,0.9265173077583313,0.17620861530303955,fedavg
8,client_16,5328,0.003162098815664649,0.04283972829580307,0.003162098815664649,0.07321488112211227,0.056232542319058,0.27058248487681585,0.003162098815664649,0.07321488112211227,0.04283972829580307,0.2175806164741516,0.9616231918334961,0.12697869539260864,fedavg
8,client_2,4325,0.0032667662017047405,0.045311614871025085,0.0032667662017047405,0.07296635955572128,0.05715563140850375,0.2701228601131738,0.0032667662017047405,0.07296635955572128,0.045311614871025085,0.21677541732788086,0.9604921340942383,0.15870743989944458,fedavg
8,client_10,7168,0.003205610206350684,0.04455994442105293,0.003205610206350684,0.06373599916696548,0.05661810846673248,0.2524599109117051,0.003205610206350684,0.06373600661754608,0.04455994442105293,0.20414568483829498,0.9605204463005066,0.2470872402191162,fedavg
8,client_3,6083,0.0020285143982619047,0.034203168004751205,0.0020285143982619047,0.05648823827505112,0.04503903194188242,0.23767252854394114,0.0020285143982619047,0.05648823082447052,0.034203168004751205,0.1905095875263214,0.9755134582519531,0.297979474067688,fedavg
8,client_24,3036,0.00891608465462923,0.072594553232193,0.00891608465462923,0.0835905373096466,0.09442501640617626,0.2891202817334796,0.008916083723306656,0.0835905373096466,0.072594553232193,0.23275789618492126,0.8910121917724609,0.019527971744537354,fedavg
8,client_6,6436,0.0027354659978300333,0.04046330973505974,0.0027354659978300333,0.0798216313123703,0.0523016847784149,0.2825272090645248,0.002735466230660677,0.0798216238617897,0.04046330973505974,0.22811858355998993,0.9669346809387207,0.08402442932128906,fedavg
8,client_21,5918,0.00267916452139616,0.03964637964963913,0.00267916452139616,0.064769446849823,0.051760646454581304,0.25449840745914776,0.00267916452139616,0.0647694393992424,0.03964637964963913,0.20439153909683228,0.9673599004745483,0.22856885194778442,fedavg
9,client_2,4325,0.0029239424038678408,0.041587796062231064,0.0029239424038678408,0.0735367089509964,0.054073492921194614,0.2711765410236973,0.0029239426366984844,0.073536716401577,0.041587796062231064,0.22098112106323242,0.9654471278190613,0.06885933876037598,fedavg
9,client_6,6436,0.005928748287260532,0.061710041016340256,0.005928748287260532,0.07743002474308014,0.07699836850818217,0.27826249710030915,0.00592874875292182,0.07743001729249954,0.061710041016340256,0.22474946081638336,0.9295625686645508,0.04827994108200073,fedavg
9,client_7,4643,0.004330080933868885,0.05166473612189293,0.004330080933868885,0.06146029755473137,0.06580335047601213,0.24791187457387226,0.004330080933868885,0.06146029755473137,0.05166473612189293,0.19642247259616852,0.9482271075248718,0.237315833568573,fedavg
9,client_13,4415,0.0018718908540904522,0.032096587121486664,0.0018718908540904522,0.06673285365104675,0.043265353969318826,0.25832702849498107,0.0018718908540904522,0.06673285365104675,0.032096587121486664,0.21096700429916382,0.9770234823226929,0.2143654227256775,fedavg
9,client_15,5839,0.002347412519156933,0.03639543429017067,0.002347412519156933,0.0840497612953186,0.04845010099397409,0.2899133686039997,0.002347412286326289,0.0840497612953186,0.03639543429017067,0.23812831938266754,0.9716061949729919,0.008303821086883545,fedavg
9,client_21,5918,0.0026543315034359694,0.03967379406094551,0.0026543315034359694,0.05902925133705139,0.05152020480778361,0.24295936149292827,0.0026543315034359694,0.05902925133705139,0.03967379406094551,0.19474804401397705,0.9681038856506348,0.25665056705474854,fedavg
9,client_20,7018,0.0027103617321699858,0.039518970996141434,0.0027103617321699858,0.05552256479859352,0.0520611368008866,0.23563225022906548,0.0027103619650006294,0.055522557348012924,0.039518970996141434,0.1882351189851761,0.9668101668357849,0.30735450983047485,fedavg
9,client_10,7168,0.004364740569144487,0.05208233743906021,0.004364740569144487,0.056676171720027924,0.06606617972520584,0.23806758587703244,0.0043647401034832,0.05667617544531822,0.05208233743906021,0.18938684463500977,0.9466530084609985,0.31011712551116943,fedavg
9,client_11,4950,0.005669482052326202,0.06239618733525276,0.005669482052326202,0.07946327328681946,0.075295959962437,0.2818923079596523,0.005669481586664915,0.07946327328681946,0.06239618733525276,0.2323930561542511,0.931450605392456,0.06757611036300659,fedavg
9,client_0,3247,0.006006303243339062,0.05680622160434723,0.006006303243339062,0.084833063185215,0.07750034350465204,0.291261159760815,0.006006303243339062,0.084833063185215,0.05680622160434723,0.23879534006118774,0.9280699491500854,-0.04038512706756592,fedavg
10,client_2,4325,0.002022844972088933,0.033660128712654114,0.002022844972088933,0.061678703874349594,0.04497604887147084,0.24835198328106803,0.002022844972088933,0.06167870759963989,0.033660128712654114,0.20210495591163635,0.9760576486587524,0.22169816493988037,fedavg
10,client_11,4950,0.0035498749930411577,0.045637376606464386,0.0035498749930411577,0.07137215882539749,0.05958082739473461,0.26715568274958607,0.0035498749930411577,0.07137215882539749,0.045637376606464386,0.21738754212856293,0.9574614763259888,0.13561832904815674,fedavg
10,client_16,5328,0.0036586211062967777,0.04741881042718887,0.0036586211062967777,0.06613339483737946,0.06048654041981625,0.25716412538843525,0.003658621571958065,0.06613338738679886,0.04741881042718887,0.20609506964683533,0.9559873938560486,0.18016797304153442,fedavg
10,client_7,4643,0.0031301910057663918,0.04223340004682541,0.0031301910057663918,0.054937154054641724,0.055948112019951445,0.2343867616881161,0.0031301912385970354,0.054937154054641724,0.04223340004682541,0.18555396795272827,0.9626075029373169,0.3152158260345459,fedavg
10,client_8,4648,0.0025821712333709,0.037703704088926315,0.0025821712333709,0.09120843559503555,0.050815066668658974,0.3020073436111042,0.0025821710005402565,0.09120843559503555,0.037703704088926315,0.24603943526744843,0.9686962366104126,-0.10283637046813965,fedavg
10,client_6,6436,0.0022737758699804544,0.03700388967990875,0.0022737758699804544,0.06855553388595581,0.047684125974798514,0.26183111710787127,0.0022737758699804544,0.06855553388595581,0.03700388967990875,0.20987997949123383,0.9726136326789856,0.202326238155365,fedavg
10,client_9,6447,0.0021190850529819727,0.03527926281094551,0.0021190850529819727,0.06549686193466187,0.04603351591308973,0.25592354705001624,0.0021190845873206854,0.06549686193466187,0.03527926281094551,0.2041308730840683,0.9746589660644531,0.17837423086166382,fedavg
10,client_0,3247,0.010217303410172462,0.07915709167718887,0.010217303410172462,0.09075265377759933,0.10108068233591934,0.30125179887764775,0.010217304341495037,0.09075264632701874,0.07915709167718887,0.2422155737876892,0.878003716468811,-0.12581145763397217,fedavg
10,client_20,7018,0.0016861633630469441,0.03095012530684471,0.0016861633630469441,0.05060664936900139,0.041062920980639774,0.22495921712390757,0.001686163479462266,0.05060664936900139,0.03095012530684471,0.18022173643112183,0.9791997075080872,0.3871474266052246,fedavg
10,client_5,4011,0.0019909946713596582,0.03573807328939438,0.0019909946713596582,0.07909088581800461,0.04462056332409597,0.28123100534511486,0.0019909946713596582,0.07909087836742401,0.03573807328939438,0.2277117371559143,0.9755566716194153,0.06260544061660767,fedavg
11,client_20,7018,0.002075211377814412,0.034561917185783386,0.002075211377814412,0.05019024759531021,0.045554490565092,0.2240318004108127,0.0020752116106450558,0.05019024759531021,0.034561917185783386,0.1779484748840332,0.9744674563407898,0.3858739733695984,fedavg
11,client_1,4201,0.005864386912435293,0.06362175941467285,0.005864386912435293,0.07241592556238174,0.07657928209884189,0.2691020589140877,0.005864386446774006,0.07241591811180115,0.06362175941467285,0.21190254390239716,0.9288737177848816,0.09879189729690552,fedavg
11,client_15,5839,0.006274037063121796,0.06316647678613663,0.006274037063121796,0.08028263598680496,0.07920881641244558,0.2833418933659906,0.006274036597460508,0.08028262853622437,0.06316647678613663,0.22744092345237732,0.9249865412712097,0.007362961769104004,fedavg
11,client_19,5248,0.0034006766509264708,0.04542353376746178,0.0034006766509264708,0.0713951364159584,0.05831531889731743,0.2671986694678284,0.003400676418095827,0.07139512896537781,0.04542353376746178,0.21549534797668457,0.9587351679801941,0.14658617973327637,fedavg
11,client_8,4648,0.004263612907379866,0.05158122256398201,0.004263612907379866,0.08506953716278076,0.0652963503807154,0.29166682561234275,0.004263613373041153,0.08506953716278076,0.05158122256398201,0.23657011985778809,0.9483561515808105,-0.03548920154571533,fedavg
11,client_7,4643,0.0016919159097597003,0.0321916900575161,0.0016919159097597003,0.05134689435362816,0.041132904022745324,0.22659853122566387,0.0016919157933443785,0.05134689435362816,0.0321916900575161,0.17804722487926483,0.9797124266624451,0.3702019453048706,fedavg
11,client_11,4950,0.0019327863119542599,0.033862799406051636,0.0019327863119542599,0.06385080516338348,0.04396346432594841,0.2526871685768462,0.001932786195538938,0.06385080516338348,0.033862799406051636,0.20406010746955872,0.9766969680786133,0.2457006573677063,fedavg
11,client_18,6851,0.002757270121946931,0.0403747595846653,0.002757270121946931,0.06504955142736435,0.05250971233130389,0.25504815011668863,0.0027572698891162872,0.06504955887794495,0.0403747595846653,0.20543663203716278,0.9672363996505737,0.216092050075531,fedavg
11,client_9,6447,0.0024529611691832542,0.03887888044118881,0.0024529611691832542,0.060574766248464584,0.049527377976057385,0.24611941461100664,0.0024529611691832542,0.060574766248464584,0.03887888044118881,0.19982440769672394,0.9703882932662964,0.26909488439559937,fedavg
11,client_3,6083,0.0019560586661100388,0.03323282301425934,0.0019560586661100388,0.05970919877290726,0.04422735201331907,0.2443546577679813,0.0019560586661100388,0.05970919877290726,0.03323282301425934,0.19472292065620422,0.9761428833007812,0.2883584499359131,fedavg
12,client_15,5839,0.003991861827671528,0.04820394143462181,0.003991861827671528,0.07225591689348221,0.06318118254410507,0.26880459341853075,0.003991861827671528,0.07225590944290161,0.04820394143462181,0.2157774567604065,0.9520390033721924,0.1243559718132019,fedavg
12,client_22,5119,0.0028806724585592747,0.041916053742170334,0.0028806724585592747,0.07707943767309189,0.053671896357025385,0.27763183836349153,0.0028806724585592747,0.07707943767309189,0.041916053742170334,0.22568057477474213,0.9649011492729187,0.06949663162231445,fedavg
12,client_6,6436,0.0019041096093133092,0.033800140023231506,0.0019041096093133092,0.0675799772143364,0.04363610442412692,0.25996149179125816,0.0019041096093133092,0.0675799772143364,0.033800140023231506,0.20955458283424377,0.9773221015930176,0.17752540111541748,fedavg
12,client_1,4201,0.0017013925826177,0.03150730952620506,0.0017013925826177,0.06608889997005463,0.04124794034394566,0.2570776001900477,0.0017013925826177,0.06608889251947403,0.03150730952620506,0.20802168548107147,0.9790225625038147,0.22920793294906616,fedavg
12,client_10,7168,0.002724993973970413,0.04066942632198334,0.002724993973970413,0.057200416922569275,0.0522014748256255,0.23916609426894017,0.002724993973970413,0.05720042064785957,0.04066942632198334,0.18959812819957733,0.9668970704078674,0.28608447313308716,fedavg
12,client_24,3036,0.00575112272053957,0.058679547160863876,0.00575112272053957,0.08207978308200836,0.07583615707918993,0.2864956816976964,0.00575112272053957,0.08207977563142776,0.058679547160863876,0.23099182546138763,0.9308778047561646,-0.030344009399414062,fedavg
12,client_16,5328,0.0034744273871183395,0.045423198491334915,0.0034744273871183395,0.0662807822227478,0.05894427357359101,0.2574505432558801,0.0034744273871183395,0.0662807822227478,0.045423198491334915,0.205813929438591,0.9581183791160583,0.18740785121917725,fedavg
12,client_3,6083,0.0015046519692987204,0.029691051691770554,0.0015046519692987204,0.05156788229942322,0.03878984513650502,0.2270856276813291,0.0015046520857140422,0.05156788229942322,0.029691051691770554,0.1805139034986496,0.981555163860321,0.39727962017059326,fedavg
12,client_7,4643,0.0029738445300608873,0.04014298692345619,0.0029738445300608873,0.05212149769067764,0.05453296736893094,0.2283013308999263,0.0029738445300608873,0.05212149769067764,0.04014298692345619,0.18394549190998077,0.9646605253219604,0.33566176891326904,fedavg
12,client_4,4895,0.0025790769141167402,0.0391988568007946,0.0025790769141167402,0.06658308207988739,0.05078461296610166,0.2580369636879701,0.0025790769141167402,0.0665830746293068,0.0391988568007946,0.2045425921678543,0.969036877155304,0.1785295009613037,fedavg
13,client_5,4011,0.0016797874122858047,0.030793577432632446,0.0016797874122858047,0.06891784816980362,0.04098520683679858,0.2625220766320864,0.001679787179455161,0.06891784071922302,0.030793577432632446,0.2150997817516327,0.9793528318405151,0.18783986568450928,fedavg
13,client_16,5328,0.003218719270080328,0.043947942554950714,0.003218719270080328,0.06164105236530304,0.05673375571253576,0.24827616149220416,0.0032187190372496843,0.06164105236530304,0.043947942554950714,0.19855688512325287,0.9611817598342896,0.24602627754211426,fedavg
13,client_3,6083,0.0021804296411573887,0.03575850650668144,0.0021804296411573887,0.05156668275594711,0.046695070844334184,0.22708299469849655,0.0021804296411573887,0.05156668648123741,0.03575850650668144,0.18080557882785797,0.9736137390136719,0.36434632539749146,fedavg
13,client_12,3816,0.0009963716147467494,0.023221177980303764,0.0009963716147467494,0.08086875081062317,0.03156535465897301,0.2843743146112587,0.0009963716147467494,0.08086875081062317,0.023221177980303764,0.23078466951847076,0.9882551431655884,0.00858616828918457,fedavg
13,client_24,3036,0.003254743991419673,0.045652344822883606,0.003254743991419673,0.06965328752994537,0.05705036159910846,0.2639191210032092,0.0032547437585890293,0.06965330243110657,0.045652344822883606,0.2099291980266571,0.9604953527450562,0.1591976284980774,fedavg
13,client_21,5918,0.0028668201994150877,0.040119729936122894,0.0028668201994150877,0.05839982256293297,0.05354269728212925,0.24166053693632392,0.0028668204322457314,0.05839981511235237,0.040119729936122894,0.19236509501934052,0.9653480648994446,0.28045809268951416,fedavg
13,client_14,5419,0.0029722570907324553,0.042202383279800415,0.0029722570907324553,0.07472249865531921,0.0545184084314813,0.2733541634131795,0.0029722568579018116,0.07472249865531921,0.042202383279800415,0.22208447754383087,0.964998722076416,0.03937786817550659,fedavg
13,client_4,4895,0.0048685502260923386,0.057444531470537186,0.0048685502260923386,0.06276944279670715,0.06977499714147138,0.2505382911774696,0.0048685502260923386,0.06276943534612656,0.057444531470537186,0.1976918876171112,0.9409794807434082,0.2552759647369385,fedavg
13,client_20,7018,0.003558592638000846,0.04715346917510033,0.003558592638000846,0.047406889498233795,0.059653942626045176,0.21773124080738643,0.0035585928708314896,0.047406893223524094,0.04715346917510033,0.1774856299161911,0.9561607837677002,0.4222540855407715,fedavg
13,client_9,6447,0.0024234489537775517,0.037650350481271744,0.0024234489537775517,0.06087541952729225,0.04922853800162617,0.2467294460077521,0.0024234489537775517,0.06087541952729225,0.037650350481271744,0.19723789393901825,0.970948338508606,0.2442476749420166,fedavg
14,client_5,4011,0.0013562801759690046,0.028891611844301224,0.0013562801759690046,0.06794856488704681,0.03682771093055237,0.2606694552245177,0.0013562802923843265,0.06794856488704681,0.028891611844301224,0.21121156215667725,0.9834801554679871,0.16927862167358398,fedavg
14,client_13,4415,0.004117454402148724,0.05186034366488457,0.004117454402148724,0.06923390924930573,0.06416739360569917,0.26312337267773406,0.004117454402148724,0.06923390924930573,0.05186034366488457,0.20993974804878235,0.9493774175643921,0.18421536684036255,fedavg
14,client_16,5328,0.003762119682505727,0.04829981178045273,0.003762119682505727,0.05592149868607521,0.061336116740827666,0.23647726885701978,0.0037621192168444395,0.05592149868607521,0.04829981178045273,0.19075675308704376,0.9546611905097961,0.3119235038757324,fedavg
14,client_18,6851,0.003179288934916258,0.043210167437791824,0.003179288934916258,0.0659315437078476,0.0563851857117355,0.2567713841296331,0.0031792891677469015,0.0659315437078476,0.043210167437791824,0.2020823210477829,0.9623059034347534,0.19999200105667114,fedavg
14,client_12,3816,0.0018264162354171276,0.031243927776813507,0.0018264162354171276,0.0772542729973793,0.04273659129384476,0.277946515622698,0.0018264162354171276,0.0772542655467987,0.031243927776813507,0.22584885358810425,0.9785482883453369,0.036865830421447754,fedavg
14,client_7,4643,0.003394311759620905,0.044980764389038086,0.003394311759620905,0.05402892455458641,0.05826072227170639,0.2324412281730296,0.003394311759620905,0.05402892455458641,0.044980764389038086,0.18917903304100037,0.9587748050689697,0.36979204416275024,fedavg
14,client_15,5839,0.005397100001573563,0.05792344734072685,0.005397100001573563,0.0701730027794838,0.07346495764358381,0.2649018738693326,0.005397100001573563,0.0701730027794838,0.05792344734072685,0.20816341042518616,0.9353336095809937,0.1390557885169983,fedavg
14,client_14,5419,0.004898126237094402,0.05409330502152443,0.004898126237094402,0.07451708614826202,0.06998661802627477,0.2729781925334744,0.00489812670275569,0.07451709359884262,0.05409330502152443,0.22131392359733582,0.9405770301818848,0.15254884958267212,fedavg
14,client_21,5918,0.0026023639366030693,0.039053671061992645,0.0026023639366030693,0.053127653896808624,0.05101337017491659,0.23049437655200813,0.0026023639366030693,0.05312765762209892,0.039053671061992645,0.18141303956508636,0.968374490737915,0.3609791398048401,fedavg
14,client_2,4325,0.0032266099005937576,0.04475630819797516,0.0032266099005937576,0.07115799188613892,0.056803256073870954,0.2667545676023552,0.0032266099005937576,0.07115799933671951,0.04475630819797516,0.21921847760677338,0.9613661170005798,0.14719343185424805,fedavg
15,client_18,6851,0.0016981016378849745,0.03145115077495575,0.0016981016378849745,0.054350923746824265,0.04120802880368066,0.23313285369530087,0.0016981016378849745,0.05435092747211456,0.03145115077495575,0.1876402050256729,0.9797722697257996,0.35246193408966064,fedavg
15,client_15,5839,0.0032385229133069515,0.04396631941199303,0.0032385229133069515,0.06334193795919418,0.05690802151987848,0.2516782429197927,0.0032385229133069515,0.06334193795919418,0.04396631941199303,0.19917096197605133,0.9609901309013367,0.24025487899780273,fedavg
15,client_19,5248,0.0035413154400885105,0.046112217009067535,0.0035413154400885105,0.06754446029663086,0.05950895260453263,0.25989317093111713,0.0035413154400885105,0.06754446029663086,0.046112217009067535,0.21198327839374542,0.9572846293449402,0.17327028512954712,fedavg
15,client_0,3247,0.011910839937627316,0.08805875480175018,0.011910839937627316,0.09896153956651688,0.10913679460945935,0.31458150718908395,0.011910839937627316,0.09896152466535568,0.08805875480175018,0.2589641213417053,0.8570055365562439,-0.20064020156860352,fedavg
15,client_8,4648,0.0025957601610571146,0.03916681930422783,0.0025957601610571146,0.08699529618024826,0.050948603131559106,0.294949662876276,0.0025957601610571146,0.08699530363082886,0.03916681930422783,0.24411460757255554,0.9684213399887085,-0.034594058990478516,fedavg
15,client_12,3816,0.0014978626277297735,0.028960097581148148,0.0014978626277297735,0.06907307356595993,0.038702230268161206,0.2628175670802086,0.0014978626277297735,0.06907307356595993,0.028960097581148148,0.2098313719034195,0.9824365973472595,0.13376891613006592,fedavg
15,client_11,4950,0.0032509989105165005,0.04355407878756523,0.0032509989105165005,0.06823232769966125,0.05701752956491413,0.26121318439095154,0.003250998677685857,0.06823232769966125,0.04355407878756523,0.20951887965202332,0.9610891342163086,0.1700933575630188,fedavg
15,client_17,4157,0.0016970038414001465,0.03130035102367401,0.0016970038414001465,0.0723591148853302,0.04119470647304271,0.268996496046566,0.0016970038414001465,0.0723591148853302,0.03130035102367401,0.21723580360412598,0.9796436429023743,0.1345697045326233,fedavg
15,client_4,4895,0.0035051098093390465,0.0468001514673233,0.0035051098093390465,0.05806476250290871,0.05920396588496756,0.24096630989187826,0.003505109576508403,0.05806476250290871,0.0468001514673233,0.19266460835933685,0.9574752449989319,0.31103819608688354,fedavg
15,client_5,4011,0.001265137456357479,0.02700183168053627,0.001265137456357479,0.07298189401626587,0.0355687691654091,0.27015159922844295,0.0012651373399421573,0.07298188656568527,0.02700183168053627,0.22010470926761627,0.9845349788665771,0.12136191129684448,fedavg
16,client_24,3036,0.006263325456529856,0.06399843841791153,0.006263325456529856,0.0740245133638382,0.07914117421753265,0.27207446290278364,0.006263325456529856,0.0740245133638382,0.06399843841791153,0.2213750183582306,0.9238978624343872,0.10554307699203491,fedavg
16,client_1,4201,0.002260649111121893,0.03734055534005165,0.002260649111121893,0.06619681417942047,0.04754628388341083,0.25728742998833243,0.002260649111121893,0.06619682163000107,0.03734055534005165,0.2043645977973938,0.9722932577133179,0.20951342582702637,fedavg
16,client_15,5839,0.0026088557206094265,0.039741966873407364,0.0026088557206094265,0.060125187039375305,0.051076961082664955,0.2452043780999338,0.00260885595344007,0.060125187039375305,0.039741966873407364,0.19151180982589722,0.968866229057312,0.2506865859031677,fedavg
16,client_8,4648,0.0017971190391108394,0.032492298632860184,0.0017971190391108394,0.07638690620660782,0.04239244219818152,0.2763818258445884,0.0017971191555261612,0.07638691365718842,0.032492298632860184,0.22439785301685333,0.9783154726028442,0.061994731426239014,fedavg
16,client_21,5918,0.005172418896108866,0.0578220896422863,0.005172418896108866,0.055855751037597656,0.07191953070000433,0.23633819747771848,0.005172418896108866,0.05585574358701706,0.0578220896422863,0.1899717152118683,0.9377670884132385,0.29948270320892334,fedavg
16,client_17,4157,0.0014920670073479414,0.02923409640789032,0.0014920670073479414,0.06914547085762024,0.03862728319915784,0.2629552498183667,0.0014920670073479414,0.06914546340703964,0.02923409640789032,0.21292997896671295,0.9821199178695679,0.1693745255470276,fedavg
16,client_13,4415,0.0023018806241452694,0.03604649379849434,0.0023018806241452694,0.0591425895690918,0.04797791808890075,0.24319249488644135,0.0023018806241452694,0.0591425895690918,0.03604649379849434,0.19345766305923462,0.9724018573760986,0.23198193311691284,fedavg
16,client_9,6447,0.002020598854869604,0.03412405401468277,0.002020598854869604,0.06461598724126816,0.04495107178777392,0.25419674907690726,0.002020598854869604,0.06461598724126816,0.03412405401468277,0.2050185650587082,0.975473940372467,0.23580700159072876,fedavg
16,client_12,3816,0.0023379670456051826,0.036958709359169006,0.0023379670456051826,0.06660779565572739,0.04835252884395171,0.25808486134550274,0.0023379670456051826,0.06660779565572739,0.036958709359169006,0.21200649440288544,0.9722437262535095,0.20592337846755981,fedavg
16,client_16,5328,0.003091283841058612,0.04302884265780449,0.003091283841058612,0.05492747947573662,0.05559931720704181,0.23436612271345153,0.0030912840738892555,0.05492747947573662,0.04302884265780449,0.1884116232395172,0.9625610113143921,0.338478147983551,fedavg
17,client_0,3247,0.00343418144620955,0.047125887125730515,0.00343418144620955,0.07895958423614502,0.05860189341540798,0.280997467578561,0.003434181911870837,0.07895957678556442,0.047125887125730515,0.2263481467962265,0.958727240562439,0.046243369579315186,fedavg
17,client_16,5328,0.00205244985409081,0.03391427546739578,0.00205244985409081,0.0517912320792675,0.04530397172534446,0.22757687070365368,0.00205244985409081,0.0517912320792675,0.03391427546739578,0.18285243213176727,0.9752066731452942,0.3707273006439209,fedavg
17,client_20,7018,0.001067334203980863,0.024603527039289474,0.001067334203980863,0.0497937873005867,0.03267007939331555,0.22314522407140377,0.0010673340875655413,0.049793791025877,0.024603527039289474,0.1788848638534546,0.9869499206542969,0.3745929002761841,fedavg
17,client_17,4157,0.002561351517215371,0.03990524634718895,0.002561351517215371,0.06257034838199615,0.05060979665257875,0.25014065719509926,0.002561351517215371,0.06257034838199615,0.03990524634718895,0.20614741742610931,0.9692813754081726,0.24933278560638428,fedavg
17,client_24,3036,0.0050834775902330875,0.05552710220217705,0.0050834775902330875,0.06838727742433548,0.07129851043488278,0.2615096124893605,0.0050834775902330875,0.06838727742433548,0.05552710220217705,0.207759290933609,0.9392664432525635,0.1196475625038147,fedavg
17,client_6,6436,0.0025336765684187412,0.04014519974589348,0.0025336765684187412,0.07369722425937653,0.05033563683503068,0.27147232687582823,0.0025336763355880976,0.07369722425937653,0.04014519974589348,0.22055470943450928,0.9694147109985352,0.14936798810958862,fedavg
17,client_1,4201,0.0034574794117361307,0.0460381954908371,0.0034574794117361307,0.06257569044828415,0.05880033513285558,0.2501513350919482,0.0034574794117361307,0.06257569044828415,0.0460381954908371,0.20164693892002106,0.9575410485267639,0.2595677971839905,fedavg
17,client_21,5918,0.0009504255722276866,0.023279137909412384,0.0009504255722276866,0.05218234285712242,0.030828972935011745,0.22843454830021317,0.0009504255722276866,0.05218234285712242,0.023279137909412384,0.18334485590457916,0.9884146451950073,0.3791455626487732,fedavg
17,client_12,3816,0.0015015745302662253,0.030174342915415764,0.0015015745302662253,0.06895208358764648,0.03875015823318492,0.2625872733722369,0.001501574763096869,0.06895207613706589,0.030174342915415764,0.21370939910411835,0.9821543097496033,0.18047690391540527,fedavg
17,client_23,4834,0.0020302743650972843,0.03497866168618202,0.0020302743650972843,0.06970589607954025,0.04505856852950311,0.26401872779967644,0.002030274597927928,0.06970588862895966,0.03497866168618202,0.21066419780254364,0.9751049280166626,0.20388299226760864,fedavg
18,client_24,3036,0.008189587853848934,0.0745290219783783,0.008189587853848934,0.07220865786075592,0.09049634166003029,0.2687167008418653,0.008189587853848934,0.07220866531133652,0.0745290219783783,0.21794870495796204,0.899559497833252,0.16392624378204346,fedavg
18,client_2,4325,0.002391953021287918,0.03897787258028984,0.002391953021287918,0.07161976397037506,0.04890759676459188,0.267618691369596,0.002391953021287918,0.07161976397037506,0.03897787258028984,0.21823842823505402,0.9709201455116272,0.19070184230804443,fedavg
18,client_8,4648,0.0017410119762644172,0.03204048424959183,0.0017410119762644172,0.07536858320236206,0.04172543839308415,0.27453337821070406,0.0017410122090950608,0.07536857575178146,0.03204048424959183,0.22185756266117096,0.9788906574249268,0.09234797954559326,fedavg
18,client_6,6436,0.002724348334595561,0.04070614278316498,0.002724348334595561,0.06464920192956924,0.05219529034880026,0.2542620733211488,0.002724348334595561,0.06464920192956924,0.04070614278316498,0.20555426180362701,0.9676949381828308,0.1992279291152954,fedavg
18,client_10,7168,0.001231751753948629,0.026131629943847656,0.001231751753948629,0.06027384474873543,0.035096321088521926,0.24550732117135618,0.001231751753948629,0.06027384474873543,0.026131629943847656,0.19462266564369202,0.9848570227622986,0.28308045864105225,fedavg
18,client_4,4895,0.002628686372190714,0.039513420313596725,0.002628686372190714,0.05951828137040138,0.05127071651723539,0.24396368099598573,0.002628686372190714,0.059518277645111084,0.039513420313596725,0.19310621917247772,0.9681831002235413,0.28854048252105713,fedavg
18,client_18,6851,0.001899858471006155,0.03303281590342522,0.001899858471006155,0.05553651973605156,0.043587365956274014,0.2356618995763262,0.001899858471006155,0.055536530911922455,0.03303281590342522,0.18843835592269897,0.9773390293121338,0.3421201705932617,fedavg
18,client_7,4643,0.003745402442291379,0.04868822544813156,0.003745402442291379,0.05379564315080643,0.06119969125298538,0.2319388780493827,0.0037454022094607353,0.05379564315080643,0.04868822544813156,0.18421179056167603,0.9549873471260071,0.34607577323913574,fedavg
18,client_0,3247,0.008785794489085674,0.07459376752376556,0.008785794489085674,0.08084786683320999,0.09373256898797597,0.2843375799690034,0.008785794489085674,0.0808478593826294,0.07459376752376556,0.23389452695846558,0.8936553597450256,0.04791378974914551,fedavg
18,client_20,7018,0.0015195478918030858,0.02958865836262703,0.0015195478918030858,0.046382054686546326,0.038981377289518185,0.21536493374397403,0.001519547775387764,0.046382054686546326,0.02958865836262703,0.17200884222984314,0.9812493920326233,0.438592791557312,fedavg
19,client_2,4325,0.003866590792313218,0.05124801769852638,0.003866590792313218,0.07370524853467941,0.062181918795931844,0.27148710565085665,0.0038665910251438618,0.07370524853467941,0.05124801769852638,0.22497785091400146,0.9533905386924744,0.13851433992385864,fedavg
19,client_10,7168,0.0025783993769437075,0.0393410362303257,0.0025783993769437075,0.055181730538606644,0.05077794183445906,0.23490792720531367,0.0025783993769437075,0.05518173426389694,0.0393410362303257,0.1860674023628235,0.9686123728752136,0.31644660234451294,fedavg
19,client_7,4643,0.001163272187113762,0.026060661301016808,0.001163272187113762,0.04544771835207939,0.03410677626387111,0.2131847047798678,0.001163272187113762,0.04544771835207939,0.026060661301016808,0.1684538722038269,0.9859650135040283,0.45571833848953247,fedavg
19,client_19,5248,0.0026775861624628305,0.03908911719918251,0.0026775861624628305,0.06537700444459915,0.051745397500288184,0.25568927322943985,0.0026775861624628305,0.06537700444459915,0.03908911719918251,0.21137776970863342,0.9675312638282776,0.21551942825317383,fedavg
19,client_18,6851,0.003504680236801505,0.046818092465400696,0.003504680236801505,0.05468027666211128,0.059200339836875136,0.23383813405178588,0.003504680236801505,0.054680272936820984,0.046818092465400696,0.18618939816951752,0.9579883813858032,0.3637256622314453,fedavg
19,client_11,4950,0.004049215465784073,0.05117328464984894,0.004049215465784073,0.06622371077537537,0.06363344612532056,0.2573396508006766,0.004049215465784073,0.06622369587421417,0.05117328464984894,0.20828881859779358,0.9514686465263367,0.1989670991897583,fedavg
19,client_24,3036,0.004159216303378344,0.04954202100634575,0.004159216303378344,0.07078427821397781,0.06449198635007565,0.2660531492277019,0.004159216303378344,0.07078427821397781,0.04954202100634575,0.21737751364707947,0.9493855237960815,0.14959335327148438,fedavg
19,client_21,5918,0.003491009119898081,0.0462806336581707,0.003491009119898081,0.05138535052537918,0.05908476216333684,0.22668337064147245,0.003491009119898081,0.05138535052537918,0.0462806336581707,0.18022112548351288,0.9570103287696838,0.41180098056793213,fedavg
19,client_0,3247,0.006570206489413977,0.06708986312150955,0.006570206489413977,0.07523534446954727,0.08105681025931119,0.27429060687337925,0.006570206489413977,0.07523533701896667,0.06708986312150955,0.22837430238723755,0.9210313558578491,0.08904290199279785,fedavg
19,client_23,4834,0.0013134905602782965,0.027244241908192635,0.0013134905602782965,0.06606172025203705,0.03624211031767185,0.2570247463806492,0.0013134905602782965,0.06606172025203705,0.027244241908192635,0.20678074657917023,0.984207808971405,0.18514180183410645,fedavg
20,client_2,4325,0.0014487504959106445,0.028621232137084007,0.0014487504959106445,0.06307214498519897,0.03806245520077028,0.2511416830898427,0.0014487504959106445,0.06307214498519897,0.028621232137084007,0.2011483758687973,0.9825093746185303,0.26825058460235596,fedavg
20,client_6,6436,0.002297822153195739,0.03572920709848404,0.002297822153195739,0.06487426906824112,0.04793560423313488,0.25470426305356675,0.002297822153195739,0.06487426161766052,0.03572920709848404,0.20386463403701782,0.9724384546279907,0.23230469226837158,fedavg
20,client_22,5119,0.0025389762595295906,0.03817541524767876,0.0025389762595295906,0.07489054650068283,0.05038825286412446,0.2736613719557125,0.002538976026698947,0.07489054650068283,0.03817541524767876,0.2194245606660843,0.9694554209709167,0.04642939567565918,fedavg
20,client_24,3036,0.006649201735854149,0.0661783292889595,0.006649201735854149,0.064826600253582,0.08154264324374531,0.25461068369882284,0.0066492026671767235,0.064826600253582,0.0661783292889595,0.20134401321411133,0.9192410707473755,0.2182224988937378,fedavg
20,client_8,4648,0.0031127261463552713,0.0436895452439785,0.0031127261463552713,0.07055217772722244,0.055791810746338676,0.2656165991183955,0.0031127261463552713,0.07055217772722244,0.0436895452439785,0.21568943560123444,0.9628469347953796,0.09290319681167603,fedavg
20,client_0,3247,0.009654032066464424,0.07946867495775223,0.009654032066464424,0.07988530397415161,0.0982549387959048,0.2826398839055656,0.009654032997786999,0.07988530397415161,0.07946867495775223,0.22439460456371307,0.8834385275840759,0.05261635780334473,fedavg
20,client_4,4895,0.0011048032902181149,0.0254519060254097,0.0011048032902181149,0.05439256504178047,0.03323857959965788,0.23322213668899544,0.001104803173802793,0.05439256504178047,0.0254519060254097,0.18630053102970123,0.9866755604743958,0.34093141555786133,fedavg
20,client_19,5248,0.002209437545388937,0.03627341240644455,0.002209437545388937,0.0649275854229927,0.047004656984383796,0.25480893405368127,0.0022094377782195807,0.0649275928735733,0.03627341240644455,0.20672868192195892,0.9731225967407227,0.23178404569625854,fedavg
20,client_21,5918,0.0013294379459694028,0.027214596047997475,0.0013294379459694028,0.043910328298807144,0.036461459959589174,0.20954792297729283,0.0013294380623847246,0.04391033202409744,0.027214596047997475,0.1656431257724762,0.9836908578872681,0.4905710220336914,fedavg
20,client_11,4950,0.0035607253666967154,0.04618482664227486,0.0035607253666967154,0.06155753508210182,0.05967181188690412,0.2481079026488506,0.0035607251338660717,0.06155753135681152,0.04618482664227486,0.20058412849903107,0.9575397968292236,0.2397647500038147,fedavg
21,client_17,4157,0.0011682219337671995,0.02531464770436287,0.0011682219337671995,0.0647636353969574,0.0341792617498857,0.25448701901578,0.0011682219337671995,0.064763642847538,0.02531464770436287,0.20568549633026123,0.9859961867332458,0.22329378128051758,fedavg
21,client_8,4648,0.0039942581206560135,0.05165024846792221,0.0039942581206560135,0.07590822130441666,0.06320014335945777,0.2755144665973398,0.0039942581206560135,0.07590822130441666,0.05165024846792221,0.22012384235858917,0.9511788487434387,0.11408859491348267,fedavg
21,client_21,5918,0.002983029931783676,0.04300963878631592,0.002983029931783676,0.04514087736606598,0.05461712123303165,0.21246383478454933,0.002983029931783676,0.04514088109135628,0.04300963878631592,0.1683359295129776,0.9637564420700073,0.45615631341934204,fedavg
21,client_2,4325,0.0020222747698426247,0.034439586102962494,0.0020222747698426247,0.0527835451066494,0.04496970947029372,0.2297467058130316,0.0020222747698426247,0.0527835488319397,0.034439586102962494,0.18474586308002472,0.97585529088974,0.35881727933883667,fedavg
21,client_19,5248,0.006044830661267042,0.062388308346271515,0.006044830661267042,0.05730995535850525,0.07774850906137713,0.2393949699413397,0.006044830661267042,0.05730995163321495,0.062388308346271515,0.19050177931785583,0.9278182983398438,0.26819849014282227,fedavg
21,client_18,6851,0.0018501251470297575,0.03283194825053215,0.0018501251470297575,0.05052557587623596,0.043013082468536,0.2247789654901378,0.0018501252634450793,0.05052558332681656,0.03283194825053215,0.1812254637479782,0.9779955148696899,0.39490580558776855,fedavg
21,client_1,4201,0.0023052620235830545,0.03748253360390663,0.0023052620235830545,0.061178963631391525,0.04801314427928101,0.2473438091121369,0.0023052620235830545,0.06117895990610123,0.03748253360390663,0.19531260430812836,0.9722230434417725,0.21833157539367676,fedavg
21,client_15,5839,0.0026290123350918293,0.039817579090595245,0.0026290123350918293,0.06236392632126808,0.05127389525959413,0.2497277043526971,0.0026290123350918293,0.06236392632126808,0.039817579090595245,0.201286181807518,0.9684662222862244,0.23907822370529175,fedavg
21,client_23,4834,0.0031229315791279078,0.0425608828663826,0.0031229315791279078,0.05859726667404175,0.05588319585642815,0.24206871534494384,0.0031229315791279078,0.05859726294875145,0.0425608828663826,0.19356587529182434,0.9624608755111694,0.27589666843414307,fedavg
21,client_4,4895,0.001816530479118228,0.03396335989236832,0.001816530479118228,0.053641900420188904,0.042620775205505446,0.23160721150298602,0.001816530479118228,0.053641900420188904,0.03396335989236832,0.18648949265480042,0.977851390838623,0.3775555491447449,fedavg
22,client_7,4643,0.0016636274522170424,0.031368788331747055,0.0016636274522170424,0.053515054285526276,0.04078758943866433,0.2313332105114315,0.0016636274522170424,0.053515054285526276,0.031368788331747055,0.1863749921321869,0.9797142744064331,0.3855368494987488,fedavg
22,client_8,4648,0.007282113656401634,0.07192590087652206,0.007282113656401634,0.06593595445156097,0.08533530134945112,0.2567799728397076,0.007282113656401634,0.06593595445156097,0.07192590087652206,0.20811818540096283,0.9121423959732056,0.18992894887924194,fedavg
22,client_3,6083,0.0011513411300256848,0.025698695331811905,0.0011513411300256848,0.05496637523174286,0.03393141975280443,0.23444908878420248,0.0011513412464410067,0.05496637523174286,0.025698695331811905,0.18279823660850525,0.9860910177230835,0.3186371922492981,fedavg
22,client_13,4415,0.0017043520929291844,0.03204158693552017,0.0017043520929291844,0.0626092478632927,0.04128379799042068,0.2502184003291778,0.0017043519765138626,0.0626092478632927,0.03204158693552017,0.19949039816856384,0.9793246984481812,0.22799080610275269,fedavg
22,client_22,5119,0.002877631923183799,0.04272010922431946,0.002877631923183799,0.07016584277153015,0.05364356149952346,0.2648883590713834,0.002877631690353155,0.07016584277153015,0.04272010922431946,0.21271370351314545,0.964972972869873,0.14917737245559692,fedavg
22,client_10,7168,0.001667680568061769,0.030933702364563942,0.001667680568061769,0.05676226690411568,0.040837246289105865,0.23824833814615784,0.0016676806844770908,0.056762270629405975,0.030933702364563942,0.1900986135005951,0.979606032371521,0.30707550048828125,fedavg
22,client_18,6851,0.00111493025906384,0.02489367499947548,0.00111493025906384,0.04393358156085014,0.03339057140966353,0.20960338221402786,0.00111493025906384,0.043933577835559845,0.02489367499947548,0.16643530130386353,0.9867439866065979,0.47265785932540894,fedavg
22,client_0,3247,0.004915103781968355,0.05557471141219139,0.004915103781968355,0.06908976286649704,0.07010780447018465,0.2628493158950524,0.0049151042476296425,0.06908976286649704,0.05557471141219139,0.21215900778770447,0.9407109022140503,0.17656928300857544,fedavg
22,client_14,5419,0.0048991902731359005,0.05436398833990097,0.0048991902731359005,0.07093632221221924,0.06999421599772299,0.2663387358463264,0.0048991902731359005,0.07093632221221924,0.05436398833990097,0.21769112348556519,0.9409604072570801,0.17242372035980225,fedavg
22,client_1,4201,0.001196919591166079,0.02669539488852024,0.001196919591166079,0.05757368355989456,0.03459652402699955,0.2399451678194303,0.0011969194747507572,0.05757368355989456,0.02669539488852024,0.19022925198078156,0.9854315519332886,0.2945917248725891,fedavg
23,client_20,7018,0.00140718137845397,0.028638329356908798,0.00140718137845397,0.051020581275224686,0.037512416323851626,0.2258773506793773,0.00140718137845397,0.05102057754993439,0.028638329356908798,0.1801876574754715,0.9826827049255371,0.37528252601623535,fedavg
23,client_5,4011,0.001292212400585413,0.02689247764647007,0.001292212400585413,0.07861289381980896,0.03594735596098012,0.28037988322746654,0.001292212400585413,0.07861287891864777,0.02689247764647007,0.2288329005241394,0.9839411973953247,0.10753953456878662,fedavg
23,client_21,5918,0.0029239326249808073,0.04226144403219223,0.0029239326249808073,0.04400129243731499,0.05407339819310567,0.20976485033797962,0.0029239323921501637,0.04400129243731499,0.04226144403219223,0.1634635180234909,0.9644753336906433,0.47028857469558716,fedavg
23,client_0,3247,0.007746429648250341,0.07062780112028122,0.007746429648250341,0.07320235669612885,0.08801380638236042,0.27055934043408825,0.007746430113911629,0.07320235669612885,0.07062780112028122,0.22059403359889984,0.9065291285514832,0.12907201051712036,fedavg
23,client_4,4895,0.0016918163746595383,0.031692564487457275,0.0016918163746595383,0.05320414528250694,0.04113169549945076,0.23066023775784794,0.0016918163746595383,0.05320414528250694,0.031692564487457275,0.18105831742286682,0.9796398878097534,0.349387526512146,fedavg
23,client_13,4415,0.0014076590305194259,0.027995005249977112,0.0014076590305194259,0.05628955736756325,0.03751878081846616,0.23725421196019586,0.001407658914104104,0.056289561092853546,0.027995005249977112,0.19011041522026062,0.9830871224403381,0.27629029750823975,fedavg
23,client_16,5328,0.002361189341172576,0.03803183138370514,0.002361189341172576,0.05617811530828476,0.048592070764401224,0.23701922196943112,0.002361189341172576,0.05617811158299446,0.03803183138370514,0.19050782918930054,0.9714725613594055,0.31792813539505005,fedavg
23,client_7,4643,0.0011477300431579351,0.02513577789068222,0.0011477300431579351,0.045429594814777374,0.033878162977685394,0.21314219388656339,0.0011477299267426133,0.045429594814777374,0.02513577789068222,0.17025648057460785,0.9862334728240967,0.4435606002807617,fedavg
23,client_18,6851,0.0012822833377867937,0.027501942589879036,0.0012822833377867937,0.04250152036547661,0.03580898241184008,0.20615896867581726,0.0012822832213714719,0.04250152036547661,0.027501942589879036,0.1629527360200882,0.9846477508544922,0.504196286201477,fedavg
23,client_15,5839,0.004686566069722176,0.05611473321914673,0.004686566069722176,0.06693033874034882,0.0684584988859833,0.2587089846533143,0.004686566069722176,0.06693033874034882,0.05611473321914673,0.2109174132347107,0.942982017993927,0.22751152515411377,fedavg
24,client_12,3816,0.0031742523424327374,0.04409176856279373,0.0031742523424327374,0.07393874228000641,0.056340503569215085,0.27191680663502027,0.0031742523424327374,0.073938749730587,0.04409176856279373,0.21745869517326355,0.9623327255249023,0.11680209636688232,fedavg
24,client_8,4648,0.0013452143175527453,0.028380516916513443,0.0013452143175527453,0.061168279498815536,0.036677166607896376,0.2473222179643704,0.001345214550383389,0.061168279498815536,0.028380516916513443,0.19877241551876068,0.9835981130599976,0.2794160842895508,fedavg
24,client_20,7018,0.0026103246491402388,0.04006987437605858,0.0026103246491402388,0.04637818783521652,0.05109133634130388,0.21535595611734662,0.0026103246491402388,0.04637818783521652,0.04006987437605858,0.16941380500793457,0.967696487903595,0.44484943151474,fedavg
24,client_19,5248,0.0025714412331581116,0.03752020001411438,0.0025714412331581116,0.05784126743674278,0.05070937783415872,0.24050211524380152,0.002571441000327468,0.05784126743674278,0.03752020001411438,0.1936136931180954,0.9691922664642334,0.2720698118209839,fedavg
24,client_14,5419,0.004072992596775293,0.04862915351986885,0.004072992596775293,0.06995633244514465,0.06382000154164283,0.2644925943105868,0.004072992596775293,0.06995633244514465,0.04862915351986885,0.21140442788600922,0.9512637257575989,0.16067850589752197,fedavg
24,client_11,4950,0.0048878989182412624,0.05534721165895462,0.0048878989182412624,0.06087598577141762,0.06991351026977019,0.24673058595587075,0.0048878989182412624,0.06087598204612732,0.05534721165895462,0.19857800006866455,0.9420493245124817,0.22943830490112305,fedavg
24,client_24,3036,0.00282514956779778,0.03899598866701126,0.00282514956779778,0.06725314259529114,0.05315213606053646,0.2593321086855446,0.00282514956779778,0.06725314259529114,0.03899598866701126,0.20754751563072205,0.9657189846038818,0.18716007471084595,fedavg
24,client_15,5839,0.005105278920382261,0.059525974094867706,0.005105278920382261,0.05846603214740753,0.07145123782023338,0.24179748695308423,0.005105279386043549,0.058466024696826935,0.059525974094867706,0.19005991518497467,0.9382370114326477,0.30933332443237305,fedavg
24,client_6,6436,0.002996276132762432,0.04378852620720863,0.002996276132762432,0.06993183493614197,0.0547382532201483,0.26444627986822195,0.0029962763655930758,0.06993183493614197,0.04378852620720863,0.21297448873519897,0.964242160320282,0.15630638599395752,fedavg
24,client_13,4415,0.0019911101553589106,0.03556445986032486,0.0019911101553589106,0.05205640196800232,0.04462185737235633,0.2281587291630382,0.0019911101553589106,0.05205640569329262,0.03556445986032486,0.18228779733181,0.9760898947715759,0.3284671902656555,fedavg
